current_belt;gender;rash
blue belt;Male;no answer
purple belt;Male;american top team
white belt;Male;hayabusa
brown belt;Male;sub apparel
purple belt;Male;no answer
blue belt;Male;manto
blue belt;Male;underarmour
blue belt;Male;venum
blue belt;Male;93 brand
blue belt;Male;tatami
purple belt;Male;storm
purple belt;Male;war tribe
white belt;Male;hayabusa
blue belt;Male;do or die
blue belt;Male;manto
blue belt;Male;shoyoroll
blue belt;Male;tatami
white belt;Male;93 brand
white belt;Male;inverted gear
white belt;Male;meerkatsu
blue belt;Male;anything
blue belt;Male;tatami
blue belt;Male;toro
purple belt;Male;no answer
brown belt;Male;no answer
white belt;Male;93 brand
white belt;Male;raven
blue belt;Male;no answer
purple belt;Male;no answer
blue belt;Male;newaza
blue belt;Male;scramble
purple belt;Male;champion
purple belt;Male;no answer
blue belt;Male;jiujiteiro
purple belt;Male;scramble
blue belt;Male;no answer
white belt;Male;no answer
purple belt;Male;newaza
purple belt;Male;sub apparel
white belt;Male;no answer
white belt;Male;no answer
blue belt;Male;no answer
blue belt;Male;no answer
blue belt;Male;no answer
purple belt;Male;tatami
blue belt;Male;no answer
blue belt;Male;93 brand
brown belt;Male;no answer
white belt;Male;no answer
white belt;Male;tatami
white belt;Male;underarmour
white belt;Male;no answer
white belt;Female;open guard apparel
white belt;Female;scramble
blue belt;Male;meerkatsu
purple belt;Male;no answer
purple belt;Male;toro
black belt;Male;no answer
white belt;Female;93 brand
white belt;Female;fightwear
white belt;Female;fuji
white belt;Female;raven
brown belt;Male;rvca
white belt;Female;no answer
white belt;Male;93 brand
white belt;Male;ground fighter
white belt;Male;tatami
blue belt;Male;no answer
blue belt;Male;braus fight
white belt;Male;meerkatsu
blue belt;Male;academy / tournaments
blue belt;Male;fuji
blue belt;Male;just saiyan gear
blue belt;Male;triangle athletics
brown belt;Male;no answer
purple belt;Male;hayabusa
purple belt;Male;scramble
blue belt;Male;no answer
white belt;Male;gameness
white belt;Male;scramble
purple belt;Male;scramble
purple belt;Male;tatami
blue belt;Male;no answer
purple belt;Male;phalanx
white belt;Male;underarmour
purple belt;Male;no answer
blue belt;Male;meerkatsu
no rank;Male;newaza
blue belt;Male;manto
blue belt;Male;shoyoroll
white belt;Male;kingz
white belt;Male;tatami
white belt;Male;no answer
blue belt;Male;no answer
blue belt;Male;no answer
white belt;Male;no answer
blue belt;Male;anything
blue belt;Female;no answer
white belt;Male;no answer
purple belt;Male;no answer
blue belt;Male;no answer
white belt;Male;eastbay
purple belt;Male;scramble
purple belt;Male;underarmour
blue belt;Male;no answer
blue belt;Male;shoyoroll
white belt;Male;no answer
blue belt;Male;hyperfly
blue belt;Male;no answer
purple belt;Male;no answer
white belt;Male;no answer
white belt;Male;no answer
blue belt;Male;no answer
white belt;Male;no answer
blue belt;Male;break point
white belt;Female;no answer
white belt;Male;no answer
white belt;Male;no answer
blue belt;Female;manto
blue belt;Female;scramble
purple belt;Male;no answer
white belt;Male;tatami
white belt;Male;no answer
purple belt;Male;meerkatsu
purple belt;Male;tatsumi
blue belt;Male;93 brand
white belt;Male;hypnotic
purple belt;Male;no answer
blue belt;Male;manto
blue belt;Male;tatami
blue belt;Male;underarmour
white belt;Male;hayabusa
white belt;Male;venum
white belt;Male;no answer
blue belt;Male;93 brand
blue belt;Male;newaza
purple belt;Male;no answer
purple belt;Male;billabong
purple belt;Male;fuji
white belt;Male;no answer
white belt;Male;no answer
blue belt;Male;ctrl
blue belt;Male;underarmour
blue belt;Male;no answer
purple belt;Male;atama
purple belt;Male;underarmour
white belt;Female;no answer
white belt;Male;fuji
white belt;Male;sub apparel
blue belt;Male;anything
white belt;Male;bc kimonos
white belt;Male;hayabusa
white belt;Male;raven
white belt;Male;meerkatsu
white belt;Male;no answer
purple belt;Male;no answer
white belt;Male;tatami
blue belt;Male;raven
blue belt;Male;flow
white belt;Male;no answer
white belt;Male;no answer
purple belt;Male;93 brand
purple belt;Male;fightwear
purple belt;Male;inverted gear
purple belt;Male;raven
blue belt;Female;anything
purple belt;Male;no answer
white belt;Male;rios gear
purple belt;Male;tatami
white belt;Male;no answer
white belt;Male;no answer
white belt;Male;93 brand
brown belt;Male;no answer
purple belt;Male;globetrotters
purple belt;Male;underarmour
blue belt;Female;no answer
no rank;Male;manto
no rank;Male;tatami
blue belt;Male;no answer
white belt;Male;no answer
white belt;Male;globetrotters
white belt;Male;braus fight
white belt;Male;hypnotic
purple belt;Male;93 brand
purple belt;Male;scramble
blue belt;Male;manto
blue belt;Male;scramble
blue belt;Male;tatami
white belt;Male;no answer
purple belt;Male;no answer
white belt;Male;no answer
purple belt;Male;toro
white belt;Male;nike
white belt;Female;toro
blue belt;Male;toro
purple belt;Male;no answer
purple belt;Male;toro
blue belt;Male;toro
brown belt;Male;meerkatsu
brown belt;Male;toro
purple belt;Male;underarmour
white belt;Male;no answer
white belt;Male;fuji
blue belt;Male;tuff fightwear
blue belt;Female;93 brand
blue belt;Female;toro
white belt;Male;scramble
blue belt;Female;no answer
blue belt;Male;toro
blue belt;Male;academy / tournaments
blue belt;Male;cageside
white belt;Male;no answer
white belt;Male;no answer
white belt;Male;no answer
black belt;Male;ouano
black belt;Male;scramble
purple belt;Female;newaza
purple belt;Female;phalanx
purple belt;Female;raven
purple belt;Female;shoyoroll
blue belt;Male;newaza
blue belt;Male;scramble
white belt;Male;newaza
white belt;Male;scramble
blue belt;Male;no answer
white belt;Male;no answer
black belt;Male;toro
blue belt;Male;newaza
blue belt;Male;scramble
brown belt;Male;fightwear
brown belt;Male;raven
blue belt;Male;tatami
blue belt;Male;nike
blue belt;Male;phalanx
blue belt;Male;underarmour
blue belt;Male;tatami
blue belt;Male;underarmour
blue belt;Male;origin
purple belt;Male;no answer
white belt;Male;no answer
white belt;Male;hypnotic
purple belt;Male;academy / tournaments
purple belt;Male;toro
no rank;Male;no answer
blue belt;Male;anything
blue belt;Male;bamboo
blue belt;Male;manto
blue belt;Male;tatami
blue belt;Male;toro
blue belt;Male;hayabusa
white belt;Male;no answer
blue belt;Male;moya
blue belt;Male;scramble
brown belt;Male;no answer
purple belt;Male;deus
purple belt;Male;toro
purple belt;Male;scramble
blue belt;Male;tatami
blue belt;Male;93 brand
blue belt;Male;storm
no rank;Male;no answer
white belt;Male;sub apparel
white belt;Male;venum
brown belt;Male;bad boy
brown belt;Male;toro
white belt;Male;toro
white belt;Male;fusion
white belt;Male;newaza
white belt;Male;phalanx
white belt;Male;no answer
white belt;Female;no answer
purple belt;Male;no answer
white belt;Female;no answer
purple belt;Male;no answer
white belt;Male;no answer
purple belt;Male;no answer
brown belt;Male;sprawl
white belt;Male;no answer
purple belt;Male;no answer
white belt;Male;no answer
no rank;Male;93 brand
no rank;Male;on the mat
no rank;Male;venum
white belt;Male;no answer
purple belt;Male;no answer
white belt;Male;no answer
white belt;Female;underarmour
purple belt;Male;venum
white belt;Male;scramble
white belt;Male;no answer
purple belt;Male;no answer
purple belt;Male;toro
blue belt;Male;underarmour
blue belt;Male;no answer
purple belt;Male;no answer
blue belt;Male;xarmor
white belt;Male;no answer
white belt;Male;no answer
white belt;Male;no answer
white belt;Male;no answer
white belt;Male;no answer
white belt;Male;93 brand
white belt;Male;inverted gear
white belt;Male;raven
purple belt;Female;alma
purple belt;Female;underarmour
purple belt;Female;wallmart
blue belt;Male;no answer
white belt;Male;no answer
white belt;Male;no answer
blue belt;Male;93 brand
blue belt;Male;no answer
blue belt;Male;no answer
blue belt;Male;no answer
black belt;Male;sprawl
purple belt;Male;hayabusa
white belt;Male;tatami
white belt;Male;no answer
white belt;Male;no answer
white belt;Male;manto
white belt;Male;tatami
purple belt;Male;fuji
purple belt;Male;scramble
purple belt;Male;tatami
purple belt;Male;tuff fightwear
black belt;Male;no answer
white belt;Male;globetrotters
white belt;Male;tatami
purple belt;Male;tatami
blue belt;Male;no answer
white belt;Female;93 brand
white belt;Female;toro
white belt;Male;no answer
brown belt;Male;tatami
no rank;Male;no answer
blue belt;Female;no answer
purple belt;Male;no answer
blue belt;Male;tatami
white belt;Male;no answer
black belt;Male;no answer
black belt;Male;no answer
white belt;Male;no answer
white belt;Male;no answer
white belt;Male;no answer
white belt;Male;no answer
black belt;Male;no answer
white belt;Male;no answer
black belt;Male;no answer
blue belt;Male;eastbay
purple belt;Male;no answer
blue belt;Male;scramble
blue belt;Male;tatami
blue belt;Male;no answer
purple belt;Male;no answer
white belt;Male;no answer
purple belt;Male;underarmour
purple belt;Male;anything
blue belt;Male;globetrotters
blue belt;Male;shoyoroll
blue belt;Male;no answer
purple belt;Male;cageside
purple belt;Male;no answer
white belt;Male;no answer
white belt;Male;hayabusa
blue belt;Male;bad boy
blue belt;Male;fightwear
blue belt;Male;tatami
black belt;Male;no answer
no rank;Male;fuji
no rank;Male;rvca
purple belt;Male;no answer
purple belt;Male;ck fight life
purple belt;Male;nike
blue belt;Male;sprawl
blue belt;Male;bad boy
blue belt;Male;scramble
blue belt;Male;toro
purple belt;Male;tatami
purple belt;Male;manto
purple belt;Male;scramble
purple belt;Male;no answer
brown belt;Male;atama
brown belt;Male;break point
white belt;Male;no answer
purple belt;Male;no answer
blue belt;Male;underarmour
blue belt;Male;fightwear
blue belt;Male;hayabusa
blue belt;Male;raven
blue belt;Male;tatami
purple belt;Female;no answer
black belt;Male;toro
blue belt;Male;no answer
brown belt;Male;kingz
brown belt;Male;underarmour
blue belt;Male;underarmour
no rank;Male;underarmour
no rank;Male;xguard
blue belt;Male;no answer
purple belt;Male;isso apparel
purple belt;Male;scramble
purple belt;Male;fuji
purple belt;Male;venum
brown belt;Male;no answer
blue belt;Male;scramble
blue belt;Male;tatami
blue belt;Male;throwdown
brown belt;Male;nike
brown belt;Male;underarmour
black belt;Male;anything
blue belt;Male;fightwear
blue belt;Male;tatami
purple belt;Male;grips
purple belt;Male;tatami
purple belt;Male;no answer
black belt;Male;no answer
black belt;Male;nike
white belt;Male;no answer
blue belt;Male;no answer
brown belt;Male;high type
brown belt;Male;underarmour
blue belt;Male;no answer
black belt;Male;do or die
white belt;Male;storm
white belt;Male;sanabul
blue belt;Male;no answer
blue belt;Male;no answer
blue belt;Male;venum
white belt;Male;meerkatsu
white belt;Male;tatami
black belt;Male;kingz
black belt;Male;manto
black belt;Male;storm
purple belt;Male;scramble
purple belt;Male;tatami
brown belt;Female;meerkatsu
brown belt;Female;raven
brown belt;Female;venum
blue belt;Female;puma
black belt;Male;manto
black belt;Male;storm
white belt;Male;no answer
blue belt;Male;no answer
blue belt;Male;no answer
white belt;Male;no answer
brown belt;Male;keiko
brown belt;Male;shoyoroll
black belt;Male;hyperfly
black belt;Male;storm
blue belt;Male;no answer
blue belt;Male;no answer
white belt;Male;no answer
black belt;Female;atama
black belt;Female;gameness
black belt;Female;inverted gear
black belt;Female;tatami
purple belt;Male;no answer
purple belt;Male;scramble
white belt;Male;lonsdale
blue belt;Male;underarmour
white belt;Female;no answer
brown belt;Male;anything
blue belt;Female;no answer
purple belt;Male;no answer
blue belt;Female;raven
blue belt;Male;no answer
blue belt;Male;anything
blue belt;Female;93 brand
blue belt;Female;xguard
blue belt;Female;no answer
white belt;Male;no answer
white belt;Male;no answer
blue belt;Male;tatami
purple belt;Male;no answer
blue belt;Female;tatami
black belt;Male;underarmour
brown belt;Male;scramble
blue belt;Male;no answer
purple belt;Male;rvca
blue belt;Male;no answer
blue belt;Female;toro
blue belt;Male;no answer
brown belt;Male;manto
black belt;Male;fuji
blue belt;Male;meerkatsu
blue belt;Male;tatami
black belt;Male;no answer
blue belt;Male;venum
purple belt;Male;gameness
white belt;Male;no answer
no rank;Male;no answer
brown belt;Male;no answer
blue belt;Male;alma
blue belt;Male;wallmart
blue belt;Male;no answer
white belt;Male;venum
brown belt;Male;no answer
purple belt;Male;fuji
no rank;Male;no answer
no rank;Male;no answer
blue belt;Male;no answer
black belt;Male;no answer
purple belt;Female;93 brand
purple belt;Female;meerkatsu
blue belt;Female;newaza
blue belt;Female;no answer
white belt;Male;no answer
white belt;Female;no answer
blue belt;Female;punch town
blue belt;Female;virus
no rank;Male;no answer
no rank;Female;no answer
blue belt;Male;gawakoto
blue belt;Male;nike
blue belt;Male;scramble
white belt;Male;tatami
blue belt;Male;no answer
white belt;Female;hyperfly
white belt;Male;no answer
blue belt;Male;anything
white belt;Male;venum
brown belt;Male;no answer
brown belt;Male;no answer
white belt;Male;tatami
purple belt;Male;toro
blue belt;Male;fairtex
blue belt;Male;gameness
blue belt;Male;nike
blue belt;Male;underarmour
brown belt;Male;hayabusa
brown belt;Male;venum
white belt;Male;no answer
white belt;Male;nike
white belt;Male;tatami
white belt;Male;no answer
brown belt;Male;manto
brown belt;Male;origin
brown belt;Male;storm
white belt;Male;no answer
purple belt;Male;bad boy
purple belt;Male;storm
purple belt;Male;venum
purple belt;Male;underarmour
no rank;Male;wallmart
blue belt;Male;anything
white belt;Male;no answer
purple belt;Male;no answer
white belt;Male;no answer
white belt;Male;kingz
white belt;Male;lucky gi
white belt;Male;newaza
white belt;Male;storm
white belt;Male;tatami
white belt;Male;no answer
purple belt;Male;no answer
white belt;Male;fuji
white belt;Male;hypnotic
white belt;Male;shoyoroll
white belt;Male;springroll fightwear
white belt;Male;tatami
white belt;Male;underarmour
white belt;Male;hyperfly
purple belt;Male;underarmour
blue belt;Male;newaza
blue belt;Male;phalanx
blue belt;Male;tatami
white belt;Female;no answer
black belt;Male;no answer
white belt;Male;scramble
no rank;Male;no answer
white belt;Male;fightwear
white belt;Male;tatami
white belt;Male;venum
purple belt;Male;adidas
blue belt;Male;no answer
blue belt;Male;no answer
white belt;Male;fuji
white belt;Male;hayabusa
white belt;Male;no answer
blue belt;Male;no answer
black belt;Male;atama
black belt;Male;underarmour
blue belt;Male;anything
white belt;Male;meerkatsu
white belt;Male;raven
white belt;Male;scramble
brown belt;Male;manto
white belt;Female;no answer
white belt;Male;nike
black belt;Male;no answer
white belt;Male;fightwear
white belt;Male;raven
blue belt;Male;no answer
blue belt;Male;nike
blue belt;Male;underarmour
brown belt;Male;anything
blue belt;Male;no answer
brown belt;Male;manto
blue belt;Male;93 brand
blue belt;Male;hypnotic
blue belt;Male;newaza
blue belt;Male;venum
purple belt;Female;meerkatsu
purple belt;Male;jaco
purple belt;Male;phalanx
blue belt;Male;rvca
purple belt;Male;no answer
purple belt;Male;storm
blue belt;Male;no answer
blue belt;Female;no answer
purple belt;Male;scramble
brown belt;Male;ouano
brown belt;Male;scramble
brown belt;Male;tatami
blue belt;Male;hayabusa
blue belt;Male;meerkatsu
blue belt;Male;newaza
blue belt;Male;scramble
brown belt;Male;no answer
brown belt;Male;no answer
blue belt;Male;tatami
blue belt;Male;hyperfly
blue belt;Male;underarmour
white belt;Male;underarmour
white belt;Male;tatami
purple belt;Male;hayabusa
purple belt;Male;rvca
purple belt;Male;alma
purple belt;Male;underarmour
purple belt;Male;wallmart
blue belt;Male;kipsta
blue belt;Male;underarmour
blue belt;Male;no answer
black belt;Male;fluid surf
white belt;Male;no answer
blue belt;Male;shoyoroll
blue belt;Male;no answer
blue belt;Male;lycan
blue belt;Male;venum
black belt;Male;manto
white belt;Female;no answer
brown belt;Male;no answer
brown belt;Male;no answer
brown belt;Male;anything
white belt;Male;anything
white belt;Male;shoyoroll
white belt;Female;no answer
white belt;Male;no answer
white belt;Male;no answer
white belt;Male;tatami
blue belt;Male;no answer
blue belt;Male;no answer
blue belt;Male;no answer
black belt;Male;no answer
white belt;Male;no answer
white belt;Male;progress
no rank;Male;hayabusa
no rank;Male;manto
purple belt;Female;meerkatsu
blue belt;Male;no answer
blue belt;Male;tatami
blue belt;Male;underarmour
black belt;Male;no answer
brown belt;Male;no answer
purple belt;Male;no answer
purple belt;Male;no answer
black belt;Male;no answer
white belt;no answer;no answer
purple belt;Female;toro
black belt;Male;origin
blue belt;Male;no answer
purple belt;Male;nike
purple belt;Male;no answer
blue belt;Male;manto
blue belt;Male;scramble
white belt;Male;tapout
white belt;Male;underarmour
white belt;Male;scramble
blue belt;Male;no answer
purple belt;Male;hayabusa
blue belt;Male;no answer
white belt;Female;anything
brown belt;Male;gracie
no rank;Male;no answer
blue belt;Male;scramble
white belt;Male;no answer
white belt;Female;no answer
white belt;Female;underarmour
white belt;Male;no answer
brown belt;Male;gameness
brown belt;Male;venum
white belt;Male;no answer
white belt;Male;no answer
blue belt;Male;scramble
blue belt;Male;tatami
white belt;Male;raven
brown belt;Male;scramble
blue belt;Male;meerkatsu
blue belt;Male;raven
blue belt;Male;scramble
purple belt;Male;tatami
blue belt;Male;underarmour
brown belt;Male;dokebi combat outfitters
brown belt;Male;tatami
blue belt;Male;tatami
white belt;Male;adidas
white belt;Male;bad boy
white belt;Male;venum
white belt;Male;bad boy
white belt;Male;jaco
white belt;Male;valor
no rank;no answer;no answer
blue belt;Male;fairtex
blue belt;Male;gameness
white belt;Female;no answer
white belt;Female;no answer
purple belt;Male;93 brand
purple belt;Male;manto
purple belt;Male;newaza
white belt;Male;93 brand
white belt;Male;jaco
blue belt;Male;no answer
white belt;Male;no answer
white belt;Male;no answer
purple belt;Male;anything
blue belt;Female;no answer
no rank;no answer;no answer
blue belt;Male;no answer
purple belt;Male;no answer
no rank;Male;no answer
blue belt;Male;no answer
purple belt;Male;no answer
purple belt;Male;tatami
no rank;Male;no answer
no rank;Male;no answer
no rank;Female;no answer
no rank;Male;no answer
no rank;Male;no answer
no rank;Male;no answer
black belt;Male;no answer
no rank;Male;no answer
no rank;Male;no answer
no rank;no answer;no answer
no rank;Male;no answer
no rank;Male;no answer
no rank;no answer;no answer
no rank;Female;no answer
no rank;Male;no answer
white belt;Male;hayabusa
white belt;Male;toro
no rank;Male;no answer
no rank;Male;no answer
no rank;Male;no answer
white belt;Male;no answer
no rank;Male;no answer
no rank;Male;no answer
no rank;Male;no answer
no rank;Male;no answer
no rank;Female;no answer
no rank;Female;no answer
no rank;Male;no answer
no rank;Male;no answer
blue belt;Male;anything
no rank;Male;no answer
no rank;Male;no answer
no rank;Male;no answer
no rank;Male;no answer
no rank;Male;no answer
no rank;Male;no answer
brown belt;Female;no answer
blue belt;Male;no answer
no rank;Male;no answer
blue belt;Female;no answer
white belt;Female;no answer
no rank;Male;no answer
no rank;Male;no answer
white belt;Male;no answer
purple belt;Male;no answer
white belt;Male;no answer
no rank;no answer;no answer
no rank;Male;no answer
no rank;Male;no answer
no rank;Male;no answer
no rank;Male;no answer
blue belt;Male;no answer
purple belt;Male;scramble
no rank;Male;no answer
no rank;no answer;no answer
no rank;Male;no answer
no rank;Male;no answer
no rank;Male;no answer
no rank;Male;no answer
no rank;Male;no answer
no rank;Male;no answer
no rank;Female;no answer
no rank;Female;no answer
blue belt;Female;no answer
blue belt;Male;no answer
blue belt;Female;no answer
white belt;Female;no answer
no rank;Male;no answer
purple belt;Male;scramble
no rank;Male;no answer
purple belt;Male;no answer
no rank;Male;no answer
no rank;Male;no answer
no rank;no answer;no answer
no rank;Male;scramble
white belt;Female;93 brand
white belt;Female;meerkatsu
purple belt;Male;no answer
white belt;Male;nike
purple belt;Male;no answer
white belt;Male;no answer
brown belt;Male;no answer
brown belt;Male;nogi industries
brown belt;Male;storm
brown belt;Male;tatami
no rank;Male;no answer
brown belt;Male;no answer
no rank;Male;no answer
no rank;Female;no answer
blue belt;Male;93 brand
blue belt;Male;meerkatsu
white belt;Male;no answer
blue belt;Female;93 brand
blue belt;Female;fusion
blue belt;Female;inverted gear
white belt;Male;underarmour
white belt;Male;no answer
blue belt;Male;anything
black belt;Male;no answer
blue belt;Male;newaza
blue belt;Male;anything
purple belt;Male;phalanx
purple belt;Male;shoyoroll
blue belt;Male;choke aloha
blue belt;Male;shoyoroll
blue belt;Male;no answer
purple belt;Male;underarmour
blue belt;Male;no answer
brown belt;Male;no answer
no rank;Male;no answer
white belt;Male;hyperfly
white belt;Male;shoyoroll
no rank;no answer;no answer
purple belt;Male;meerkatsu
no rank;Male;no answer
no rank;no answer;no answer
no rank;Male;no answer
no rank;Male;no answer
no rank;Male;no answer
no rank;Male;no answer
no rank;Female;no answer
no rank;no answer;no answer
no rank;Male;no answer
no rank;Male;no answer
brown belt;Male;no answer
white belt;Male;no answer
no rank;Male;no answer
white belt;Male;no answer
no rank;Male;no answer
white belt;Male;no answer
purple belt;Male;nike
white belt;Female;no answer
no rank;Male;no answer
no rank;Male;no answer
no rank;Male;no answer
purple belt;Male;fuji
purple belt;Male;koral
blue belt;Male;no answer
brown belt;Male;fuji
purple belt;Male;hyperfly
purple belt;Male;illest
purple belt;Male;scramble
purple belt;Male;shoyoroll
white belt;Male;no answer
white belt;Male;no answer
white belt;Male;no answer
white belt;Male;scramble
purple belt;Male;93 brand
no rank;Female;no answer
white belt;Male;no answer
no rank;Female;no answer
brown belt;Male;93 brand
brown belt;Male;atama
brown belt;Male;gameness
no rank;Female;no answer
white belt;Female;scramble
no rank;Female;no answer
no rank;Male;no answer
purple belt;Male;93 brand
no rank;Male;no answer
blue belt;Male;no answer
no rank;Male;no answer
brown belt;Male;no answer
white belt;Male;hypnotic
white belt;Male;storm
white belt;Male;tatami
white belt;Male;venum
white belt;Male;nike
white belt;Male;virus
no rank;Male;no answer
black belt;Male;fightwear
black belt;Male;last resort fightwear
blue belt;Male;no answer
blue belt;Male;nike
no rank;Male;no answer
no rank;Female;no answer
no rank;Female;no answer
blue belt;Male;no answer
no rank;no answer;no answer
no rank;Female;no answer
purple belt;Male;underarmour
purple belt;Male;scramble
purple belt;Male;tatami
purple belt;Male;no answer
no rank;Male;no answer
blue belt;Female;academy / tournaments
blue belt;Female;break point
blue belt;Female;pony club grappling gear
no rank;Male;no answer
no rank;no answer;no answer
no rank;Male;no answer
no rank;Male;no answer
no rank;Male;no answer
no rank;Male;no answer
no rank;Male;no answer
purple belt;Male;no answer
no rank;Male;no answer
no rank;Male;no answer
no rank;Male;no answer
no rank;Male;no answer
no rank;Male;no answer
white belt;Female;no answer
no rank;Male;no answer
no rank;Male;no answer
no rank;no answer;no answer
no rank;Male;no answer
no rank;Male;no answer
white belt;Male;no answer
no rank;Male;no answer
no rank;Male;no answer
white belt;Male;no answer
no rank;Male;no answer
no rank;Male;no answer
blue belt;Male;no answer
white belt;Male;no answer
blue belt;Male;no answer
no rank;Male;no answer
no rank;Female;no answer
no rank;Male;no answer
purple belt;no answer;no answer
blue belt;Male;underarmour
no rank;Male;no answer
no rank;Male;no answer
blue belt;Male;american top team
white belt;Male;no answer
no rank;Male;no answer
no rank;Male;no answer
no rank;Female;no answer
no rank;Male;no answer
no rank;Male;no answer
no rank;Male;no answer
no rank;Male;no answer
no rank;Female;no answer
no rank;Male;no answer
no rank;Male;no answer
white belt;Male;tatami
blue belt;Male;no answer
no rank;Male;no answer
blue belt;Male;no answer
no rank;no answer;no answer
purple belt;Male;no answer
no rank;Male;no answer
white belt;Male;no answer
no rank;Male;no answer
white belt;Female;no answer
no rank;Male;no answer
no rank;Male;no answer
no rank;Male;no answer
blue belt;Male;no answer
white belt;Male;tatami
no rank;Male;no answer
blue belt;Male;no answer
no rank;Male;no answer
no rank;Male;no answer
no rank;Male;no answer
no rank;Male;no answer
no rank;Male;no answer
no rank;Male;no answer
no rank;Male;no answer
purple belt;Male;wallmart
no rank;Male;no answer
no rank;Male;no answer
purple belt;Male;scramble
white belt;Male;no answer
no rank;no answer;no answer
black belt;Male;alma
black belt;Male;wallmart
no rank;Female;no answer
purple belt;Male;hyperfly
blue belt;Female;no answer
no rank;Male;no answer
blue belt;Male;sub apparel
purple belt;Male;93 brand
no rank;no answer;no answer
no rank;Female;no answer
